c_resid,unit,nace_r2,geo\time	2007 	2008 	2009 	2010 	2011 	2012 	2013 	2014 	2015 	2016 	2017 	2018 
FOR,NR,I551-I553,AT11	505918 	516688 	513895 	507848 	527348 	521879 	495412 	501565 	502969 	518829 	522056 	527571 
FOR,NR,I551-I553,AT12	1942680 	1980760 	1741057 	1676438 	1771896 	1801181 	1729372 	1773916 	1860235 	1916830 	2121039 	2252153 
FOR,NR,I551-I553,AT13	7647972 	8222986 	7865177 	8607153 	9288600 	9997560 	10360521 	10969436 	11591318 	11947962 	12291147 	12887502 
FOR,NR,I551-I553,AT21	6731038 	6937388 	6663419 	6333849 	6423175 	6611211 	6622462 	6333309 	6248224 	6473186 	6663926 	6753869 
FOR,NR,I551-I553,AT22	2977361 	3199026 	3132349 	3168546 	3270331 	3366057 	3467425 	3584865 	3742682 	4007842 	4280297 	4356037 
FOR,NR,I551-I553,AT31	2359797 	2395198 	2279656 	2211242 	2358201 	2492059 	2426146 	2373523 	2496376 	2583962 	2786483 	2978260 
FOR,NR,I551-I553,AT32	14568115 	15155432 	14481490 	14501380 	14474413 	15470590 	15842461 	15778960 	16227936 	17028613 	17562117 	18377446 
FOR,NR,I551-I553,AT33	29706560 	31067089 	30339467 	30321871 	30314513 	31303068 	31731102 	31223927 	31954518 	33004212 	33789444 	34933132 
FOR,NR,I551-I553,AT34	5079196 	5256389 	5208095 	5257649 	5218848 	5594826 	5758645 	5559595 	5680698 	5916936 	6027812 	6227814 
FOR,NR,I551-I553,BE10	4376635 	4506818 	4329926 	4497213 	4778267 	4823755 	5053359 	: 	5209964 	4137505 	5046234 	5503496 
FOR,NR,I551-I553,BE21	2039437 	2055954 	1847987 	2060304 	2093901 	2087903 	1960595 	: 	2168814 	2144255 	2205717 	2513677 
FOR,NR,I551-I553,BE22	1878372 	1839556 	1778993 	1870712 	1881983 	1502970 	1427066 	: 	1781060 	1779215 	1784578 	1934004 
FOR,NR,I551-I553,BE23	858171 	876550 	810832 	879511 	913321 	996163 	998045 	: 	1095377 	1008385 	1172377 	1301551 
FOR,NR,I551-I553,BE24	867455 	879590 	815425 	833445 	860882 	1009430 	1080128 	: 	1102862 	964376 	1071373 	1224173 
FOR,NR,I551-I553,BE25	3171228 	3111655 	2883578 	3068406 	3308377 	3197153 	3223534 	: 	4094131 	3749785 	4056456 	4460486 
FOR,NR,I551-I553,BE31	233131 	209831 	202942 	214942 	223354 	238525 	230045 	: 	253837 	209868 	236029 	240746 
FOR,NR,I551-I553,BE32	469818 	489647 	474964 	514243 	499237 	499501 	464850 	: 	605622 	585892 	583944 	632678 
FOR,NR,I551-I553,BE33	980380 	1020730 	954542 	919929 	935313 	896602 	934009 	: 	1060128 	1053240 	1086047 	1186257 
FOR,NR,I551-I553,BE34	1034116 	1024055 	1031966 	984562 	890335 	856273 	840959 	: 	1081975 	1043964 	998612 	1185375 
FOR,NR,I551-I553,BE35	362568 	346316 	319862 	326409 	338897 	324371 	299131 	: 	398317 	386709 	415476 	382240 
FOR,NR,I551-I553,BG31	47933 	49806 	54272 	48359 	52559 	62377 	64978 	56308 	58725 	61597 	73748 	59851 
FOR,NR,I551-I553,BG32	113540 	113574 	99130 	90028 	100502 	138152 	135139 	131344 	133315 	144400 	160826 	196159 
FOR,NR,I551-I553,BG33	4987890 	4764849 	3701928 	3963508 	4905178 	5253112 	5504284 	5064824 	4871101 	6056321 	6346560 	6604372 
FOR,NR,I551-I553,BG34	5052178 	5072571 	4142529 	4849373 	5735723 	6115444 	6620370 	6579840 	5970698 	7331191 	7632183 	7871157 
FOR,NR,I551-I553,BG41	1405107 	1417506 	1160329 	1307510 	1287315 	1477215 	1644138 	1799696 	1846131 	2039840 	2315248 	2410490 
FOR,NR,I551-I553,BG42	400138 	373148 	302734 	288334 	345446 	405140 	401517 	445786 	472311 	517317 	577002 	606896 
FOR,NR,I551-I553,CH01	: 	: 	: 	: 	: 	: 	: 	: 	: 	7292565 	: 	: 
FOR,NR,I551-I553,CH02	: 	: 	: 	: 	: 	: 	: 	: 	: 	4398056 	: 	: 
FOR,NR,I551-I553,CH03	: 	: 	: 	: 	: 	: 	: 	: 	: 	1328237 	: 	: 
FOR,NR,I551-I553,CH04	: 	: 	: 	: 	: 	: 	: 	: 	: 	3735093 u	: 	: 
FOR,NR,I551-I553,CH05	: 	: 	: 	: 	: 	: 	: 	: 	: 	3413321 	: 	: 
FOR,NR,I551-I553,CH06	: 	: 	: 	: 	: 	: 	: 	: 	: 	2661006 	: 	: 
FOR,NR,I551-I553,CH07	: 	: 	: 	: 	: 	: 	: 	: 	: 	1154461 	: 	: 
FOR,NR,I551-I553,CY00	13197004 	13208954 	11666665 	12448158 	13112596 	13488127 	13152589 	12884399 	12550320 	14504702 	15946809 	16247342 
FOR,NR,I551-I553,CZ01	11206954 	11070652 	10154505 	10947878 	11677323 	12937045 	13056931 	13381733 	14341089 	15017703 	16132282 	16133000 
FOR,NR,I551-I553,CZ02	559230 	445803 	367177 	353063 	399578 	487202 	498710 	442322 	492467 	489875 	527726 	602259 
FOR,NR,I551-I553,CZ03	1234157 	1110098 	992316 	973453 	988049 	1154946 	1150604 	1201925 	1313062 	1387461 	1483454 	1717200 
FOR,NR,I551-I553,CZ04	3594044 	3683276 	3307387 	3315498 	3533502 	3847561 	3914444 	3768929 	3571840 	3681972 	4045291 	4003547 
FOR,NR,I551-I553,CZ05	2188004 	1997002 	1605982 	1422682 	1379568 	1537912 	1519000 	1382127 	1591465 	1645324 	1763108 	1802976 
FOR,NR,I551-I553,CZ06	993700 	914336 	695440 	744923 	829679 	983044 	1087123 	1068233 	1027898 	1113434 	1292379 	1409469 
FOR,NR,I551-I553,CZ07	488762 	432571 	343436 	344338 	339143 	471545 	501513 	483382 	489077 	493029 	542486 	574622 
FOR,NR,I551-I553,CZ08	345335 	333284 	280650 	264112 	277997 	374730 	416571 	381461 	459617 	439351 	470287 	516948 
FOR,NR,I551-I553,DE11	1845449 	1892424 	1670072 	1871429 	2088613 	2247912 	2378210 	2566046 	2777408 	2785866 	2901537 	3081767 
FOR,NR,I551-I553,DE12	1930569 	1922205 	1787497 	2043780 	2180932 	2320762 	2434584 	2472923 	2590174 	2556234 	2613407 	2707812 
FOR,NR,I551-I553,DE13	2775328 	2957654 	2890835 	3052870 	3340899 	3576540 	3773332 	3939614 	4284141 	4362394 	4380100 	4502141 
FOR,NR,I551-I553,DE14	797722 	819999 	788220 	829170 	950244 	1032499 	1053340 	1098563 	1195932 	1232775 	1231602 	1309658 
FOR,NR,I551-I553,DE21	7372752 	7449438 	7060906 	8134715 	8382033 	9228042 	9827827 	10232480 	10828898 	10632249 	11812215 	12723492 
FOR,NR,I551-I553,DE22	795375 	772132 	715764 	658947 	695517 	754169 	746558 	765965 	779538 	781084 	831788 	852225 
FOR,NR,I551-I553,DE23	524027 	529006 	504439 	530483 	569023 	582994 	558137 	586364 	634069 	665717 	701819 	754322 
FOR,NR,I551-I553,DE24	332620 	343640 	304963 	330906 	349384 	359550 	357613 	375047 	409803 	428346 	433223 	464325 
FOR,NR,I551-I553,DE25	1513076 	1488939 	1326107 	1491605 	1614906 	1725618 	1744417 	1833791 	1913460 	1955945 	2037634 	2229896 
FOR,NR,I551-I553,DE26	561960 	573826 	503730 	521861 	552879 	600188 	592430 	624436 	652156 	648468 	646730 	662538 
FOR,NR,I551-I553,DE27	1570599 	1555283 	1505883 	1624557 	1746532 	1917440 	1953715 	2008830 	2159132 	2197439 	2491762 	2646633 
FOR,NR,I551-I553,DE30	6613971 	7045049 	7456208 	8500412 	9241275 	10580101 	11549801 	12489040 	13638129 	14169182 	13981699 	15084908 
FOR,NR,I551-I553,DE40	705265 	740529 	650458 	743312 	753599 	789486 	816800 	885259 	935801 	941805 	941158 	1048207 
FOR,NR,I551-I553,DE50	369905 	377671 	391030 	393845 	407290 	401385 	442107 	484896 	499591 	485969 	493032 	523504 
FOR,NR,I551-I553,DE60	1536324 	1612097 	1655138 	1852309 	2042103 	2390809 	2662154 	2935960 	3108279 	3279996 	3446375 	3597485 
FOR,NR,I551-I553,DE71	4398550 	4380985 	3995826 	4488467 	4640136 	5143718 	5383965 	5719542 	6135463 	6238419 	6487878 	6981396 
FOR,NR,I551-I553,DE72	221680 	219223 	216817 	215895 	235164 	241196 	253618 	263945 	273306 	282710 	300388 	304140 
FOR,NR,I551-I553,DE73	751521 	695518 	696408 	696956 	734067 	803818 	685192 	657658 	648850 	693610 	823713 	745977 
FOR,NR,I551-I553,DE80	753541 	837005 	804351 	847045 	797851 	917525 	944960 	1000492 	1020873 	1033485 	997532 	1066924 
FOR,NR,I551-I553,DE91	718096 	703525 	695444 	716317 	747072 	787005 	871743 	866928 	908860 	907518 	895870 	951596 
FOR,NR,I551-I553,DE92	776645 	795315 	710723 	771372 	950830 	885641 	950915 	962757 	1012272 	1027268 	1074179 	1047877 
FOR,NR,I551-I553,DE93	522985 	554121 	566873 	572368 	585169 	630413 	623366 	639164 	667686 	651014 	679266 	708573 
FOR,NR,I551-I553,DE94	710553 	796808 	808875 	1027522 	1061593 	1186643 	1087244 	1062962 	1036900 	1091912 	1105033 	1183985 
FOR,NR,I551-I553,DEA1	2403225 	2677269 	2332709 	2656675 	2876711 	3039101 	3169344 	3354437 	3285009 	3496282 	3552161 	3538020 
FOR,NR,I551-I553,DEA2	2919539 	2885193 	2586377 	2889546 	3093885 	3197694 	3342853 	3650278 	3801102 	3709941 	4062540 	3928086 
FOR,NR,I551-I553,DEA3	493204 	511269 	502954 	519044 	511165 	486391 	488308 	541826 	533750 	568559 	625442 	611563 
FOR,NR,I551-I553,DEA4	488138 	493338 	482109 	495698 	519929 	520390 	561317 	551704 	543590 	567083 	606764 	584563 
FOR,NR,I551-I553,DEA5	1437796 	1475084 	1432745 	1581368 	1727141 	1846712 	1806522 	1785270 	1820833 	1942686 	2025165 	2000228 
FOR,NR,I551-I553,DEB1	1676872 	1927027 	2066074 	2220104 	2278625 	2240866 	2157962 	2134752 	2185419 	2106211 	2099868 	2006227 
FOR,NR,I551-I553,DEB2	2340679 	2351672 	2333621 	2276667 	2212019 	2168542 	2131833 	2189444 	2224684 	2203720 	2145368 	2214826 
FOR,NR,I551-I553,DEB3	791490 	825862 	798750 	864420 	849374 	871373 	898137 	898640 	907583 	923602 	954516 	1044502 
FOR,NR,I551-I553,DEC0	270008 	234420 	178414 	197785 	243440 	224322 	311932 	419821 	424275 	429490 	425838 	447202 
FOR,NR,I551-I553,DED2	783942 	826352 	829789 	920203 	966199 	1046838 	1033929 	1074874 	1129355 	1127915 	1187761 	1255481 
FOR,NR,I551-I553,DED4	182358 	200140 	189579 	208752 	238380 	263104 	277522 	266465 	247556 	218304 	236123 	258782 
FOR,NR,I551-I553,DED5	378381 	437189 	416028 	474443 	424688 	498059 	545469 	493206 	521040 	539035 	627216 	664804 
FOR,NR,I551-I553,DEE0	416386 	464205 	435573 	473764 	456416 	531699 	504459 	520987 	549244 	554708 	634076 	555057 
FOR,NR,I551-I553,DEF0	1275385 	1344277 	1275548 	1406547 	1464045 	1540091 	1718716 	1871401 	1974164 	1944632 	2011760 	2113365 
FOR,NR,I551-I553,DEG0	529506 	523990 	529737 	557601 	552339 	582867 	551611 	579486 	569448 	565646 	608681 	559769 
FOR,NR,I551-I553,DK01	3624873 	3648528 	3485327 	3907200 	4340748 	4702691 	4954998 	5412139 	5645432 	5951741 	6186250 	6656562 
FOR,NR,I551-I553,DK02	698195 	633168 	472235 	489129 	469394 	439688 	486278 	532870 	502652 	558841 	570309 	577961 
FOR,NR,I551-I553,DK03	2433975 	2365242 	2317310 	2434507 	2447245 	2290127 	2351411 	2503077 	2692795 	2786380 	2770244 	2909359 
FOR,NR,I551-I553,DK04	1042988 	933735 	888006 	951930 	964829 	937305 	931282 	980633 	1061854 	1057063 	1124443 	1152948 
FOR,NR,I551-I553,DK05	1527548 	1337524 	1136525 	1199226 	1268921 	1238313 	1190304 	1179400 	1268682 	1275979 	1263541 	1297781 
FOR,NR,I551-I553,EE00	2915456 	2932662 	2740696 	3203721 	3748865 	3823039 	3909326 	3919299 	3770207 	4014581 	4150419 	4174552 
FOR,NR,I551-I553,EL30	5017437 	4722681 	4454770 e	4372391 e	4708288 	3868098 e	4381506 	5674801 e	5830865 e	5835717 e	6663424 e	7170767 
FOR,NR,I551-I553,EL41	: 	: 	1449605 e	1411209 e	1373423 	1283169 e	1561612 	1784069 e	1945552 e	1607530 e	1841493 e	2075619 
FOR,NR,I551-I553,EL42	13144237 	12910020 	15014228 e	16265432 e	18425579 	16576204 e	18504776 	19071358 e	20269721 e	20080508 e	22785701 e	27037474 
FOR,NR,I551-I553,EL43	14158819 	14573794 	14910702 e	15855489 e	19914142 	17872690 e	20573561 	21552910 e	22154000 e	23998896 e	25927972 e	29517742 
FOR,NR,I551-I553,EL51	579291 	631898 	1038884 e	884571 e	: 	943008 e	1407725 	1939169 e	2158765 e	2006680 e	2349007 e	2151610 
FOR,NR,I551-I553,EL52	4240108 	4673721 	7742605 e	7715904 e	: 	8843134 e	9429032 	10071849 e	10426966 e	9782234 e	11126503 e	11660054 
FOR,NR,I551-I553,EL53	: 	: 	37516 e	39759 e	: 	43695 e	50171 	46206 e	42989 e	42728 e	64013 e	67243 
FOR,NR,I551-I553,EL54	236045 	234031 	411606 e	470329 e	: 	474207 e	597190 	768105 e	801590 e	941544 e	1209470 e	1651332 
FOR,NR,I551-I553,EL61	665793 	664865 	1114707 e	1024195 e	: 	927649 e	1083109 	1321748 e	1386662 e	1324434 e	1503980 e	2004517 
FOR,NR,I551-I553,EL62	6328611 	6200661 	7826465 e	7660023 e	: 	8189418 e	9085498 	9608194 e	10189154 e	10993653 e	11835299 e	14538545 
FOR,NR,I551-I553,EL63	909960 	834330 	764463 e	734884 e	: 	586885 e	707829 	832090 e	936392 e	947151 e	1051029 e	1145939 
FOR,NR,I551-I553,EL64	570750 	510874 	541541 e	531145 e	: 	423121 e	395888 	533557 e	583305 e	698892 e	847396 e	1138159 
FOR,NR,I551-I553,EL65	1110592 	908198 	1208322 e	1182438 e	: 	1023105 e	1214743 	1471100 e	1528563 e	1765789 e	2079099 e	2412240 
FOR,NR,I551-I553,ES11	1632383 	1549129 	1390646 	1566776 	1480303 	1517293 	1612291 	1815027 	2070005 	2280578 	2467266 	2344969 
FOR,NR,I551-I553,ES12	509851 	499338 	429865 	494523 	508045 	485228 	500052 	575907 	631439 	769881 	800705 	832712 
FOR,NR,I551-I553,ES13	639973 	646446 	597246 	653737 	651186 	643058 	672352 	691966 	771251 	865486 	868113 	969285 
FOR,NR,I551-I553,ES21	1538206 	1576376 	1470553 	1635223 	1822947 	1926634 	2061381 	2127185 	2388973 	2774750 	2988956 	3149765 
FOR,NR,I551-I553,ES22	422839 	387873 	385988 	364612 	436903 	435014 	449349 	515555 	551983 	618088 	661240 	657791 
FOR,NR,I551-I553,ES23	166280 	161715 	160296 	160066 	166377 	164094 	179550 	200390 	211761 	239267 	234611 	244938 
FOR,NR,I551-I553,ES24	1078661 	1200009 	921929 	1009253 	1093399 	1072186 	1127113 	1244598 	1339685 	1532540 	1633857 	1745886 
FOR,NR,I551-I553,ES30	9090461 	8694921 	8433667 	9948384 	11076365 	10045237 	9655194 	10625500 	11971148 	12789369 	14362642 	14559334 
FOR,NR,I551-I553,ES41	1568942 	1515329 	1368262 	1472018 	1575854 	1460372 	1494584 	1668797 	1819935 	2001693 	2113371 	2167936 
FOR,NR,I551-I553,ES42	627909 	629665 	552235 	581409 	590366 	559179 	563439 	598642 	621833 	674482 	751066 	819770 
FOR,NR,I551-I553,ES43	308465 	304650 	329245 	332914 	364579 	322159 	343980 	349126 	388755 	410833 	445419 	507401 
FOR,NR,I551-I553,ES51	38900433 	39325874 	36681607 	40110277 	44029174 	46203650 	48209637 	48251027 	49326894 	52209012 	54738296 	54434636 
FOR,NR,I551-I553,ES52	17158770 	17349747 	15238732 	15609838 	16581397 	17317710 	18989780 	19677432 	21165178 	24015497 	26023781 	26068944 
FOR,NR,I551-I553,ES53	54392668 	52900943 	48143811 	51266569 	57205975 	58846832 	59659500 	57412649 	59330571 	64165819 	64346335 	64036557 
FOR,NR,I551-I553,ES61	25154895 	25653649 	22221296 	22018831 	24412276 	25545206 	27254619 	29088963 	32002957 	35947059 	38420887 	38122211 
FOR,NR,I551-I553,ES62	1566910 	1545984 	1321079 	1351581 	1382492 	1358802 	1503461 	1674325 	1735712 	1904167 	1925855 	2023687 
FOR,NR,I551-I553,ES63	: 	: 	: 	: 	: 	37740 	41980 	40894 	46038 	51332 	58552 	59306 
FOR,NR,I551-I553,ES64	: 	: 	: 	: 	: 	22749 	24570 	22026 	25312 	32215 	30352 	35117 
FOR,NR,I551-I553,ES70	70652098 	69796074 	60865157 	64738317 	75956666 	75425863 	78104937 	83055786 	83018673 	91274362 	93036158 	88242389 
FOR,NR,I551-I553,FI19	606440 	612803 	534971 	542278 	580445 	568824 	546441 	524249 	507965 	521482 	584653 	569587 
FOR,NR,I551-I553,FI1B	2261482 	2297667 	2047414 	: c	2352287 	2392085 	2331026 	2348372 	2429780 	2534539 	3014529 	3062020 
FOR,NR,I551-I553,FI1C	673971 	705720 	618623 	: c	732745 	810884 	868918 	789803 	604727 	571541 	691171 	649313 
FOR,NR,I551-I553,FI1D	1530394 	1618070 	1438019 	1438828 	1581400 	1784555 	1867798 	1810882 	1728092 	1900237 	2214233 	2335735 
FOR,NR,I551-I553,FI20	255928 	268294 	250979 	234999 	260591 	246611 	246264 	237396 	239786 	243476 	238248 	225934 
FOR,NR,I551-I553,FR10	37931718 	37296532 	33843234 	37899116 	40820093 	41889173 	44731287 	44838409 	43216240 	38267721 u	43035060 u	47432368 u
FOR,NR,I551-I553,FR21	1251233 	1260390 	1178791 	1262040 	1251877 	1205592 	1267953 	1264319 	1251984 	: c	: 	: 
FOR,NR,I551-I553,FR22	1241406 	1212337 	1157144 	1385737 	1310111 	1370295 	1492628 	1424203 	1429425 	: c	: 	: 
FOR,NR,I551-I553,FR23	1034878 	941681 	799710 	882352 	868481 	921232 	960261 	998538 	1037276 	: c	: 	: 
FOR,NR,I551-I553,FR24	2373233 	2353270 	2156083 	2400315 	2370150 	2306662 	2383379 	2353213 	2359832 	2112560 u	: 	: 
FOR,NR,I551-I553,FR25	2387568 	2263091 	2130587 	2467106 	2381424 	2209875 	2518681 	2791881 	2552561 	2339875 u	: 	: 
FOR,NR,I551-I553,FR26	2261189 	2233492 	2125869 	2293282 	2269773 	2346582 	2240439 	2413715 	2543208 	: c	: 	: 
FOR,NR,I551-I553,FR30	2249202 	2096827 	1774516 	1913361 	1904432 	1865512 	1999155 	2182915 	2205346 	: c	: 	: 
FOR,NR,I551-I553,FR41	1268703 	1238197 	1269711 	1494369 	1589713 	1751584 	1879600 	1835306 	1934816 	2007094 u	: 	: 
FOR,NR,I551-I553,FR42	2732095 	2681111 	2682963 	3082487 	3207297 	3249001 	3599617 	3598946 	3639654 	3623744 u	: 	: 
FOR,NR,I551-I553,FR43	1021003 	964050 	1055649 	1149876 	1073066 	1126247 	1097219 	1046344 	1113555 	1148576 u	: 	: 
FOR,NR,I551-I553,FR51	3025044 	3080851 	2634181 	3387538 	3246369 	2991616 	3075155 	3032490 	3282698 	2956448 	: 	: 
FOR,NR,I551-I553,FR52	3786937 	3608200 	3292378 	3852484 	3655215 	3401853 	4070253 	4288450 	4238965 	3954238 	: 	: 
FOR,NR,I551-I553,FR53	1690920 	1700341 	1559414 	1845594 	1875898 	1854477 	2003020 	1957662 	2021361 	2264628 u	: 	: 
FOR,NR,I551-I553,FR61	5925506 	5565047 	5547104 	6817843 	6924926 	6863036 	7508536 	7702480 	7624687 	7745056 	: 	: 
FOR,NR,I551-I553,FR62	4542173 	5174311 	4097939 	4848537 	4576676 	4593680 	4290438 	4128539 	4289740 	4400446 	: 	: 
FOR,NR,I551-I553,FR63	431235 	414452 	423052 	497121 	498270 	473278 	481278 	455694 	437701 	: c	: 	: 
FOR,NR,I551-I553,FR71	8123458 	7906830 	7713764 	14267702 	13863529 	14154343 	14654293 	13496568 	14249738 	13986776 	: 	: 
FOR,NR,I551-I553,FR72	808963 	787362 	719774 	861817 	866700 	914178 	835102 	868473 	863983 	881626 u	: 	: 
FOR,NR,I551-I553,FR81	7152298 	7173781 	6969068 	7761368 	7974512 	8341020 	8515675 	7980675 	7962843 	8184851 	: 	: 
FOR,NR,I551-I553,FR82	14276426 	14137609 	12700044 	16777080 	17877525 	18454256 	19076511 	18639657 	18672427 	17292201 	: 	: 
FOR,NR,I551-I553,FR83	2290836 	2243422 	2240376 	2646504 	2257945 	2281160 	3042096 	2916981 	2857418 	3210289 	: 	: 
FOR,NR,I551-I553,FRA1	: 	: 	: 	: 	: 	: 	: 	158487 	164427 	: c	: 	: 
FOR,NR,I551-I553,FRA2	: 	: 	: 	: 	201914 u	168429 	192513 	317670 	300913 	229109 u	: 	: 
FOR,NR,I551-I553,FRA3	: 	: 	: 	: 	: 	65459 	49952 	83542 	69253 	92043 u	: 	: 
FOR,NR,I551-I553,FRA4	: 	: 	: 	: 	102084 u	98142 	122619 	133544 	144946 	148009 	: 	: 
FOR,NR,I551-I553,FRA5	: 	: 	: 	: 	: 	: 	: 	0 	0 	: c	: 	: 
FOR,NR,I551-I553,FRB0	: 	: 	: 	: 	: 	: 	: 	: 	: 	: 	2307454 u	2373947 u
FOR,NR,I551-I553,FRC1	: 	: 	: 	: 	: 	: 	: 	: 	: 	: 	: c	: c
FOR,NR,I551-I553,FRC2	: 	: 	: 	: 	: 	: 	: 	: 	: 	: 	1303794 u	1294203 u
FOR,NR,I551-I553,FRD1	: 	: 	: 	: 	: 	: 	: 	: 	: 	: 	2635065 u	2766561 u
FOR,NR,I551-I553,FRD2	: 	: 	: 	: 	: 	: 	: 	: 	: 	: 	: c	: c
FOR,NR,I551-I553,FRE1	: 	: 	: 	: 	: 	: 	: 	: 	: 	: 	2224649 u	2610067 u
FOR,NR,I551-I553,FRE2	: 	: 	: 	: 	: 	: 	: 	: 	: 	: 	: c	: c
FOR,NR,I551-I553,FRF1	: 	: 	: 	: 	: 	: 	: 	: 	: 	: 	3959487 u	4184821 u
FOR,NR,I551-I553,FRF2	: 	: 	: 	: 	: 	: 	: 	: 	: 	: 	: c	: c
FOR,NR,I551-I553,FRF3	: 	: 	: 	: 	: 	: 	: 	: 	: 	: 	2172898 u	2402926 u
FOR,NR,I551-I553,FRG0	: 	: 	: 	: 	: 	: 	: 	: 	: 	: 	3342617 	3454903 
FOR,NR,I551-I553,FRH0	: 	: 	: 	: 	: 	: 	: 	: 	: 	: 	4121937 	4615761 
FOR,NR,I551-I553,FRI1	: 	: 	: 	: 	: 	: 	: 	: 	: 	: 	8290449 	8808108 
FOR,NR,I551-I553,FRI2	: 	: 	: 	: 	: 	: 	: 	: 	: 	: 	: c	: c
FOR,NR,I551-I553,FRI3	: 	: 	: 	: 	: 	: 	: 	: 	: 	: 	2132476 u	2357895 u
FOR,NR,I551-I553,FRJ1	: 	: 	: 	: 	: 	: 	: 	: 	: 	: 	8812639 	8703592 
FOR,NR,I551-I553,FRJ2	: 	: 	: 	: 	: 	: 	: 	: 	: 	: 	4599540 	4442588 
FOR,NR,I551-I553,FRK1	: 	: 	: 	: 	: 	: 	: 	: 	: 	: 	966217 u	852663 u
FOR,NR,I551-I553,FRK2	: 	: 	: 	: 	: 	: 	: 	: 	: 	: 	14709691 	15208859 
FOR,NR,I551-I553,FRL0	: 	: 	: 	: 	: 	: 	: 	: 	: 	: 	17884992 	17644768 
FOR,NR,I551-I553,FRM0	: 	: 	: 	: 	: 	: 	: 	: 	: 	: 	3240045 	3366182 
FOR,NR,I551-I553,FRY1	: 	: 	: 	: 	: 	: 	: 	: 	: 	: 	263539 u	250903 u
FOR,NR,I551-I553,FRY2	: 	: 	: 	: 	: 	: 	: 	: 	: 	: 	199716 u	180925 u
FOR,NR,I551-I553,FRY3	: 	: 	: 	: 	: 	: 	: 	: 	: 	: 	89260 u	102763 u
FOR,NR,I551-I553,FRY4	: 	: 	: 	: 	: 	: 	: 	: 	: 	: 	184228 	195100 
FOR,NR,I551-I553,FRY5	: 	: 	: 	: 	: 	: 	: 	: 	: 	: 	: c	: c
FOR,NR,I551-I553,HR03	32512039 	32680140 	32209949 	32053066 	34111328 	55609647 	57646178 	59151986 	63493838 	69547689 	77141779 	79745457 
FOR,NR,I551-I553,HR04	1189886 	1222595 	1147895 	1181816 	1277674 	1470320 	1732718 	1920675 	2189172 	2516893 	3035025 	3394416 
FOR,NR,I551-I553,HU10	5516465 	5383090 	4981579 	5228813 	5680852 	6741369 b	7142684 	7445571 	8013855 	8498252 	: 	: 
FOR,NR,I551-I553,HU11	: 	: 	: 	: 	: 	: 	: 	: 	: 	: 	8847060 	9031633 
FOR,NR,I551-I553,HU12	: 	: 	: 	: 	: 	: 	: 	: 	: 	: 	336981 	408724 
FOR,NR,I551-I553,HU21	993835 	951573 	771528 	699738 	679352 	786596 	764244 	791595 	827733 	832306 	927649 	979633 
FOR,NR,I551-I553,HU22	1819355 	1838694 	1830545 	1920783 	2049915 	2179488 	2235675 	2208115 	2199450 	2380682 	2559713 	2548209 
FOR,NR,I551-I553,HU23	692701 	663494 	573612 	498408 	429770 	527327 	615068 	593753 	572041 	591713 	645276 	632447 
FOR,NR,I551-I553,HU31	243390 	277788 	262724 	233770 	259976 	287005 	335621 	376113 	395631 	443094 	461691 	473396 
FOR,NR,I551-I553,HU32	643311 	630706 	556797 	548102 	523366 	551776 	562337 	597848 	612785 	674813 	707099 	754580 
FOR,NR,I551-I553,HU33	261751 	264186 	243363 	228759 	297108 	318622 	327254 	338335 	340900 	381185 	456312 	511827 
FOR,NR,I551-I553,IE01	: 	: 	: 	: 	: u	: 	2586576 	2738026 e	2590641 e	2986794 e	: 	: 
FOR,NR,I551-I553,IE02	: 	: 	: 	: 	: u	: 	8285230 	8538398 e	10871707 e	13203587 e	: 	: 
FOR,NR,I551-I553,IS00	1838330 	1894457 	2028069 	2089527 	2384477 	2873790 	3366252 	4404834 	5605634 	6764038 	: 	: 
FOR,NR,I551-I553,ITC1	4342545 	4086828 	3815154 	4227119 	4420000 	5126185 	5054548 	5151959 	5994857 	5863860 	6349307 	6633473 
FOR,NR,I551-I553,ITC2	1003527 	1069843 	984505 	1003734 	1102246 	1130915 	1117940 	1211654 	1283293 	1367536 	1434422 	1520361 
FOR,NR,I551-I553,ITC3	3992640 	4145715 	4089970 	4269574 	4650342 	4669572 	5230950 	5321684 	5737319 	6034916 	6301651 	6261410 
FOR,NR,I551-I553,ITC4	14780437 	14829365 	15443697 	16682773 	18485396 	19074599 	19300473 	19677303 	21733272 	22289211 	23974518 	23452946 
FOR,NR,I551-I553,ITF1	988148 	1020643 	831818 	925884 	1009512 	1030797 	980193 	870288 	814265 	874792 	865664 	867834 
FOR,NR,I551-I553,ITF2	74427 	49655 	46826 	51389 	55745 	41813 	42854 	42157 	47099 	44943 	42197 	35891 
FOR,NR,I551-I553,ITF3	8373421 	7608107 	6976320 	7403277 	8242638 	7976125 	8115338 	8176727 	8672439 	9352276 	9546835 	10421059 
FOR,NR,I551-I553,ITF4	1600910 	1713745 	1646751 	1848669 	2177371 	2286595 	2446689 	2547305 	2675795 	2985508 	3262689 	3553818 
FOR,NR,I551-I553,ITF5	188693 	181304 	158262 	155157 	154307 	148094 	172223 	215011 	228961 	251579 	261017 	296230 
FOR,NR,I551-I553,ITF6	1542133 	1468628 	1472171 	1399211 	1639946 	1645323 	1663416 	1618710 	1646288 	1848930 	2020391 	2062335 
FOR,NR,I551-I553,ITG1	5925358 	5557224 	5378455 	5297512 	5904028 	6310821 	7148069 	7107368 	6967871 	6880444 	7242221 	7698873 
FOR,NR,I551-I553,ITG2	3859394 	3881544 	4066558 	4023759 	4469248 	4400649 	4908201 	5316299 	5838536 	6428656 	7097936 	7702591 
FOR,NR,I551-I553,ITH1	17180912 	17558790 	17672149 	18112700 	18694259 	19599438 	19673258 	19654727 	20065346 	21493194 	22125350 	22949184 
FOR,NR,I551-I553,ITH2	5322629 	5530382 	5584047 	5599033 	5787381 	6123551 	6366262 	6588081 	6698611 	7056634 	7412103 	7475358 
FOR,NR,I551-I553,ITH3	36114881 	35676417 	35904121 	36722503 	39336415 	40387375 	40877288 	41306004 	42213738 	43961632 	47100170 	46882151 
FOR,NR,I551-I553,ITH4	3572687 	3772661 	3845666 	3851407 	4238146 	4263162 	4141763 	4132771 	4304970 	4644596 	4965583 	5157667 
FOR,NR,I551-I553,ITH5	8994209 	9038550 	8702363 	9024230 	9581936 	9632676 	9838480 	9822981 	9612200 	10101713 	10719888 	10836813 
FOR,NR,I551-I553,ITI1	19962791 	19733476 	19031859 	20531863 	22116918 	22307426 	23166029 	23154147 	23947505 	24011886 	24941993 	25940413 
FOR,NR,I551-I553,ITI2	2155259 	2084669 	1881528 	1903482 	2060668 	2068932 	2072217 	2136726 	2177649 	2169020 	1975977 	2185722 
FOR,NR,I551-I553,ITI3	2223250 	1671596 	1595043 	1709231 	1831101 	1854481 	1960732 	2065448 	2292704 	2160603 	2003685 	1719235 
FOR,NR,I551-I553,ITI4	21267429 	21118292 	20366603 	20459991 	20516459 	20516459 	20516459 	20675157 	19655212 	19599885 	21015189 	22857182 
FOR,NR,I551-I553,LI00	167748 	171425 	158414 	150336 	: 	136276 	132491 	130202 	110465 	127747 	146892 	158728 
FOR,NR,I551-I553,LT00	1609998 	1626829 	1395899 	1571325 	1883003 	2680048 b	2906201 	3033826 	3010727 	3273420 	: 	: 
FOR,NR,I551-I553,LT01	: 	: 	: 	: 	: 	: 	: 	: 	: 	: 	1712271 	1853947 
FOR,NR,I551-I553,LT02	: 	: 	: 	: 	: 	: 	: 	: 	: 	: 	1718962 	1882903 
FOR,NR,I551-I553,LU00	2328688 	2249545 	2075831 	1717130 	2057883 	2298068 	2313124 	2513585 	2655733 	2637701 	2573589 	: 
FOR,NR,I551-I553,LV00	1935984 	2115618 	1699562 	1912336 	2257021 	2429093 	2639434 	2875934 	2873885 	3044532 	3406527 	3742966 
FOR,NR,I551-I553,ME00	: 	: 	: 	: 	2743414 	8143007 	: 	: 	10307371 	10528475 	3459000 b	: 
FOR,NR,I551-I553,MK00	: 	579549 	575117 	548640 	740532 	794564 	864125 	900148 	1020943 	1050917 	1289111 	1483982 
FOR,NR,I551-I553,MT00	7749831 	7581137 	6550794 	7208295 	7361449 	7498421 	8172407 	8428215 	8542055 	8622438 	9184162 	9685156 
FOR,NR,I551-I553,NL11	273500 u	297000 	324800 	253700 	268900 	292966 	305927 b	351978 	446016 	341613 	436330 	524371 
FOR,NR,I551-I553,NL12	953900 	887900 	1235800 	886400 	1063700 	865204 	1136976 b	1271995 	1246966 	1241389 	1321443 	1496872 
FOR,NR,I551-I553,NL13	458800 	390200 	481800 	488400 	427400 	549932 	654805 b	713674 	802889 	825073 	1007730 	1134192 
FOR,NR,I551-I553,NL21	523400 	592000 	469900 	565300 	609200 	596087 	532541 b	591319 	730210 	860555 	1056779 	1144048 
FOR,NR,I551-I553,NL22	1046300 	943300 	817700 	889100 	954600 	1003414 	1051716 b	1017418 	1224089 	1242949 	1585902 	1791657 
FOR,NR,I551-I553,NL23	449600 u	410700 	389400 	409700 	321300 	509406 	651988 b	652353 	667793 	728708 	830952 	781711 
FOR,NR,I551-I553,NL31	602000 	597000 u	: c	: c	662000 	604418 	658251 b	639739 	784994 	723386 	935037 	873850 
FOR,NR,I551-I553,NL32	12112300 	10821100 u	: c	: c	12449200 	12357479 	13749451 b	15308006 	16195278 	17735316 	20107090 	21252732 
FOR,NR,I551-I553,NL33	3853900 	3548000 	3519500 	3589600 	3616400 	3683251 	4431728 b	4663412 	5050333 	5294633 	5677425 	5855978 
FOR,NR,I551-I553,NL34	3529200 	2926500 	2986900 	3228200 	3399900 	3098706 	3896273 b	4480617 	4850042 	4989940 	5273780 	5758533 
FOR,NR,I551-I553,NL41	1893100 	1757700 	1485500 	1852800 	1902200 	1995830 	2263976 b	2231593 	2533315 	2638773 	2687216 	2905646 
FOR,NR,I551-I553,NL42	2256000 	2096200 	1926300 	1991300 	2064200 	2289250 	2436876 b	2501450 	2765664 	3001206 	3249357 	3481956 
FOR,NR,I551-I553,NO01	1678845 	1604541 	1536941 	1765188 	1719592 	1787660 	1981708 	2235762 	2444522 	2624554 	: 	: 
FOR,NR,I551-I553,NO02	1193070 	1152345 	1113506 	1059427 	966778 	920339 	820495 	814294 	882106 	975376 	: 	: 
FOR,NR,I551-I553,NO03	1050205 	1036837 	954669 	1022181 	953938 	963811 	889705 	957140 	991104 	1053791 	: 	: 
FOR,NR,I551-I553,NO04	869055 	889021 	742476 	796861 	869288 	891022 	779596 	823952 	788996 	785989 	: 	: 
FOR,NR,I551-I553,NO05	2173258 	2119575 	1927967 	1959437 	1987404 	1972075 	1906742 	2082584 	2230275 	2514216 	: 	: 
FOR,NR,I551-I553,NO06	449537 	429793 	400648 	401365 	400082 	436096 	402241 	459388 	468881 	493766 	: 	: 
FOR,NR,I551-I553,NO07	891317 	886933 	824224 	877066 	947159 	969465 	893598 	1047678 	1045538 	1225301 	: 	: 
FOR,NR,I551-I553,PL11	258765 	262595 	291293 	271843 	267350 	323135 	301942 	329377 	367598 	344725 	: 	: 
FOR,NR,I551-I553,PL12	1534034 	1506428 	1459444 	1623229 	1740860 	1963925 	2103384 	2115202 	2357348 	2777517 	: 	: 
FOR,NR,I551-I553,PL21	2268918 	1985679 	1944533 	2135297 	2175036 	2485970 	2732546 	2842639 	2940536 	3328387 	3553368 	3652754 
FOR,NR,I551-I553,PL22	664909 	665492 	601100 	597579 	585390 	564598 	593887 	620363 	662287 	800131 	829962 	967481 
FOR,NR,I551-I553,PL31	158604 	139002 	124202 	128884 	145998 	152806 	173503 	166557 	171369 	188477 	: 	: 
FOR,NR,I551-I553,PL32	191696 	147033 	142469 	153762 	153253 	147661 	159789 	174499 	213379 	259276 	: 	: 
FOR,NR,I551-I553,PL33	72967 	64214 	61263 	66861 	65510 	64036 	62808 	61674 	65209 	74453 	: 	: 
FOR,NR,I551-I553,PL34	135917 	106185 	106571 	108038 	136448 	186111 	209579 	213756 	216646 	218494 	: 	: 
FOR,NR,I551-I553,PL41	449271 	528607 	487122 	478999 	485049 	516434 	473405 	507581 	541468 	613057 	639231 	663667 
FOR,NR,I551-I553,PL42	2105861 	2047523 	2013915 	2008067 	2234941 	2523621 	2703072 	2825641 	2961636 	3263912 	3461521 	3834298 
FOR,NR,I551-I553,PL43	262151 	286358 	215197 	225893 	246862 	258259 	243281 	249056 	270801 	300484 	331764 	327190 
FOR,NR,I551-I553,PL51	1309828 	1129023 	926058 	1016644 	1028065 	1128799 	1107198 	1128234 	1156714 	1347103 	1442076 	1483890 
FOR,NR,I551-I553,PL52	95972 	100200 	80718 	71472 	79949 	81787 	74948 	75781 	90800 	109592 	107086 	108909 
FOR,NR,I551-I553,PL61	212685 	189740 	154221 	176867 	193288 	200945 	176873 	190082 	239561 	282924 	290642 	279631 
FOR,NR,I551-I553,PL62	457944 	384139 	380775 	361077 	362095 	388252 	399967 	422218 	380250 	401127 	400048 	395204 
FOR,NR,I551-I553,PL63	738578 	631019 	620566 	640116 	720170 	890260 	955086 	1069581 	1122055 	1269566 	1450879 	1542129 
FOR,NR,I551-I553,PL71	: 	: 	: 	: 	: 	: 	: 	: 	: 	: 	364930 	531483 
FOR,NR,I551-I553,PL72	: 	: 	: 	: 	: 	: 	: 	: 	: 	: 	81883 	105595 
FOR,NR,I551-I553,PL81	: 	: 	: 	: 	: 	: 	: 	: 	: 	: 	211183 	215750 
FOR,NR,I551-I553,PL82	: 	: 	: 	: 	: 	: 	: 	: 	: 	: 	303657 	291635 
FOR,NR,I551-I553,PL84	: 	: 	: 	: 	: 	: 	: 	: 	: 	: 	220602 	199203 
FOR,NR,I551-I553,PL91	: 	: 	: 	: 	: 	: 	: 	: 	: 	: 	2774120 	2891588 
FOR,NR,I551-I553,PL92	: 	: 	: 	: 	: 	: 	: 	: 	: 	: 	242263 	252244 
FOR,NR,I551-I553,PT11	2032501 	2108300 	1986839 	2188492 	2348562 	2416297 	2895556 	3398380 	4002827 	4761416 	5554518 	6138299 
FOR,NR,I551-I553,PT15	12162946 	11546202 	10082878 	10173949 	11083489 	11641993 	12387231 	13339318 	14092802 	15989621 	17029112 	16862546 
FOR,NR,I551-I553,PT16	1728158 	1740488 	1606925 	1650591 	1833987 	1739996 	1847956 	2104498 	2380839 	2710146 	3565755 	3361425 
FOR,NR,I551-I553,PT17	6508070 	6254020 	5821596 	6308398 	6741722 	7251083 	8090915 	9574739 	10536980 	11772332 	13470707 	14127533 
FOR,NR,I551-I553,PT18	391021 	418941 	390692 	395662 	441217 	483043 	561596 	696649 	804686 	931319 	1109098 	1245056 
FOR,NR,I551-I553,PT20	657363 	608295 	522507 	526365 	568800 	: c	727040 	: c	796856 	974598 	1104236 	1243004 
FOR,NR,I551-I553,PT30	5189740 	5450470 	4613241 	4125834 	4842326 	: c	5568479 	: c	6282339 	6819863 	7051416 	6874461 
FOR,NR,I551-I553,RO11	335349 	294537 	237993 	257411 	288011 	290915 	298954 	326004 	442582 	476194 	551328 	: 
FOR,NR,I551-I553,RO12	640210 	561324 	428462 	483677 	541678 	608992 	676309 	749971 	910330 	1001369 	1088766 	: 
FOR,NR,I551-I553,RO21	212706 	181669 	149452 	145237 	175069 	189699 	198908 	211142 	234286 	269058 	290929 	: 
FOR,NR,I551-I553,RO22	544404 	413283 	289283 	251117 	265835 	260881 	336790 	324571 	370680 	339467 	344430 	: 
FOR,NR,I551-I553,RO31	357717 	344914 	264953 	271495 	292458 	287036 	260217 	226065 	248307 	285987 	314495 	: 
FOR,NR,I551-I553,RO32	1092617 	1201592 	991079 	1067425 	1153691 	1223521 	1313534 	1537443 	1780507 	1953175 	2132907 	: 
FOR,NR,I551-I553,RO41	70344 	64244 	42852 	39981 	: 	99277 	100778 	85307 	111843 	117972 	120671 	: 
FOR,NR,I551-I553,RO42	333092 	297681 	263592 	250238 	277871 	331183 	285662 	301962 	361482 	368828 	424444 	: 
FOR,NR,I551-I553,SE11	3052149 	3099681 	3174346 	3332573 	3452328 	3523503 	3571395 	3941850 	4485270 	4684817 	5159938 	5563569 
FOR,NR,I551-I553,SE12	766838 	716790 	721678 	759604 	782039 	707259 	784962 	791578 	861137 	876393 	925284 	936899 
FOR,NR,I551-I553,SE21	1030721 	848911 	906400 	862547 	824924 	817090 	868618 	921983 	988225 	985857 	1023667 	1038684 
FOR,NR,I551-I553,SE22	1049511 	1022150 	1111336 	1040654 	1065726 	1059359 	1075986 	1216374 	1307023 	1436924 	1476916 	1660149 
FOR,NR,I551-I553,SE23	2286684 	2360663 	2372290 	2369703 	2395609 	2339879 	2414437 	2609964 	2975602 	3079361 	3069653 	3172375 
FOR,NR,I551-I553,SE31	1363536 	1349081 	1325747 	1411154 	1306095 	1250708 	1179709 	1234063 	1321415 	1271315 	1277860 	1408239 
FOR,NR,I551-I553,SE32	611139 	574095 	626801 	471944 	522760 	557958 	515715 	513456 	600845 	614958 	614280 	643799 
FOR,NR,I551-I553,SE33	1039781 	948735 	1078904 	936816 	994954 	1043699 	1031868 	1031444 	1073407 	1047640 	1091104 	1261967 
FOR,NR,I551-I553,SI03	1466624 	1672570 	1590806 	1577036 	1702805 	1918185 	1872068 	1887968 	1944538 	2122455 	2394685 	: 
FOR,NR,I551-I553,SI04	3240596 	3412738 	3066019 	3103420 	3403647 	3784121 	4015794 	4116655 	4584548 	5129615 	6083334 	: 
FOR,NR,I551-I553,SK01	982738 	1008645 	817760 	871285 	1007022 	1071370 	1192306 	1058131 	1391040 	1632359 	1682945 	1724222 
FOR,NR,I551-I553,SK02	1276002 	1351839 	996165 	1020085 	1014676 	1019650 	1035270 	1004297 	1049998 	1190937 	1391842 	1407436 
FOR,NR,I551-I553,SK03	1521686 	1473420 	1025307 	1031078 	1079069 	1054987 	1103780 	948413 	1020643 	1147878 	1182655 	1316896 
FOR,NR,I551-I553,SK04	1334742 	1310927 	868095 	827118 	889533 	893403 	946242 	841306 	923119 	1067040 	1059503 	1110328 
FOR,NR,I551-I553,TR10	: 	: 	: 	: 	: 	: 	10971911 	12530462 	13117799 	11253206 	: 	: 
FOR,NR,I551-I553,TR21	: 	: 	: 	: 	: 	: 	82620 	110771 	107593 	83836 	: 	: 
FOR,NR,I551-I553,TR22	: 	: 	: 	: 	: 	: 	436797 	456043 	450712 	189210 	: 	: 
FOR,NR,I551-I553,TR31	: 	: 	: 	: 	: 	: 	2376415 	2677276 	2385501 	1572257 	: 	: 
FOR,NR,I551-I553,TR32	: 	: 	: 	: 	: 	: 	13641474 	14407210 	14642987 	8246068 	: 	: 
FOR,NR,I551-I553,TR33	: 	: 	: 	: 	: 	: 	90334 	103797 	86774 	81488 	: 	: 
FOR,NR,I551-I553,TR41	: 	: 	: 	: 	: 	: 	449227 	514324 	530551 	423485 	: 	: 
FOR,NR,I551-I553,TR42	: 	: 	: 	: 	: 	: 	361826 	434021 	413695 	356933 	: 	: 
FOR,NR,I551-I553,TR51	: 	: 	: 	: 	: 	: 	994215 	947856 	897505 	664572 	: 	: 
FOR,NR,I551-I553,TR52	: 	: 	: 	: 	: 	: 	215312 	201884 	175938 	107849 	: 	: 
FOR,NR,I551-I553,TR61	: 	: 	: 	: 	: 	: 	57705795 	62755695 	61432224 	41635170 	: 	: 
FOR,NR,I551-I553,TR62	: 	: 	: 	: 	: 	: 	220262 	249776 	274278 	199711 	: 	: 
FOR,NR,I551-I553,TR63	: 	: 	: 	: 	: 	: 	139069 	124603 	98754 	81517 	: 	: 
FOR,NR,I551-I553,TR71	: 	: 	: 	: 	: 	: 	1146712 	1205231 	842113 	200205 	: 	: 
FOR,NR,I551-I553,TR72	: 	: 	: 	: 	: 	: 	51025 	46135 	41464 	54703 	: 	: 
FOR,NR,I551-I553,TR81	: 	: 	: 	: 	: 	: 	37575 	44986 	39556 	56598 	: 	: 
FOR,NR,I551-I553,TR82	: 	: 	: 	: 	: 	: 	7651 	6924 	12957 	8072 	: 	: 
FOR,NR,I551-I553,TR83	: 	: 	: 	: 	: 	: 	29674 	39032 	39905 	45358 	: 	: 
FOR,NR,I551-I553,TR90	: 	: 	: 	: 	: 	: 	164921 	220083 	376280 	243097 	: 	: 
FOR,NR,I551-I553,TRA1	: 	: 	: 	: 	: 	: 	73519 	67172 	54106 	29997 	: 	: 
FOR,NR,I551-I553,TRA2	: 	: 	: 	: 	: 	: 	29994 	34990 	22953 	21463 	: 	: 
FOR,NR,I551-I553,TRB1	: 	: 	: 	: 	: 	: 	21101 	24952 	24860 	18539 	: 	: 
FOR,NR,I551-I553,TRB2	: 	: 	: 	: 	: 	: 	35170 	65316 	63693 	52674 	: 	: 
FOR,NR,I551-I553,TRC1	: 	: 	: 	: 	: 	: 	205247 	197920 	177142 	120054 	: 	: 
FOR,NR,I551-I553,TRC2	: 	: 	: 	: 	: 	: 	71420 	78942 	60461 	33014 	: 	: 
FOR,NR,I551-I553,TRC3	: 	: 	: 	: 	: 	: 	34995 	35674 	30515 	14240 	: 	: 
FOR,NR,I551-I553,UKC1	237826 	218376 	108716 	318281 	276823 	329471 	: 	: 	: 	1747080 	: 	: 
FOR,NR,I551-I553,UKC2	1099697 	706999 	908576 	752432 	975634 	1453705 	: 	: 	: 	3937700 	: 	: 
FOR,NR,I551-I553,UKD1	610520 	509784 	322978 	447663 	621322 	684842 	: 	: 	: 	1466970 	: 	: 
FOR,NR,I551-I553,UKD3	2312592 	2018488 	1921592 	2394933 	2212150 	2339672 	: 	: 	: 	8616830 	: 	: 
FOR,NR,I551-I553,UKD4	747298 	506468 	709857 	400772 	627008 	958192 	: 	: 	: 	2616550 	: 	: 
FOR,NR,I551-I553,UKD6	547638 	502989 	438470 	433728 	508814 	506462 	: 	: 	: 	2313440 	: 	: 
FOR,NR,I551-I553,UKD7	913417 	1147495 	804993 	867182 	1270265 	1690560 	: 	: 	: 	3660580 	: 	: 
FOR,NR,I551-I553,UKE1	136683 	296252 	304035 	118149 	123485 	211410 	: 	: 	: 	1659690 	: 	: 
FOR,NR,I551-I553,UKE2	595161 	796621 	813394 	845616 	864291 	1256821 	: 	: 	: 	2593680 	: 	: 
FOR,NR,I551-I553,UKE3	285591 	476088 	471498 	672679 	537047 	832336 	: 	: 	: 	2915960 	: 	: 
FOR,NR,I551-I553,UKE4	576685 	705980 	572258 	549439 	1370800 	1322507 	: 	: 	: 	4305430 	: 	: 
FOR,NR,I551-I553,UKF1	964089 	852514 	1150885 	709255 	1004478 	1248704 	: 	: 	: 	4922330 	: 	: 
FOR,NR,I551-I553,UKF2	790729 	722146 	472325 	870471 	774765 	770672 	: 	: 	: 	4030640 	: 	: 
FOR,NR,I551-I553,UKF3	183923 	283100 	205905 	220810 	237997 	239225 	: 	: 	: 	1080030 	: 	: 
FOR,NR,I551-I553,UKG1	797517 	794429 	848222 	759885 	728104 	969958 	: 	: 	: 	0 	: 	: 
FOR,NR,I551-I553,UKG2	268704 	401370 	382727 	257669 	467177 	414897 	: 	: 	: 	2389130 	: 	: 
FOR,NR,I551-I553,UKG3	1760250 	1624206 	1925802 	1565482 	1734306 	2582699 	: 	: 	: 	10170430 	: 	: 
FOR,NR,I551-I553,UKH1	2305427 	2336930 	1994006 	1846914 	2536662 	3219880 	: 	: 	: 	6977190 	: 	: 
FOR,NR,I551-I553,UKH2	1271773 	1196170 	786343 	795728 	1136722 	984062 	: 	: 	: 	5885410 	: 	: 
FOR,NR,I551-I553,UKH3	987283 	624924 	531844 	580389 	547944 	555249 	: 	: 	: 	3550810 	: 	: 
FOR,NR,I551-I553,UKI1	: 	: 	: 	: 	42340551 	36469602 b	: 	: 	: 	: 	: 	: 
FOR,NR,I551-I553,UKI2	: 	: 	: 	0 	: 	13488757 b	: 	: 	: 	: 	: 	: 
FOR,NR,I551-I553,UKI3	: 	: 	: 	: 	: 	: 	: 	: 	: 	28683533 	: 	: 
FOR,NR,I551-I553,UKI4	: 	: 	: 	: 	: 	: 	: 	: 	: 	26845643 	: 	: 
FOR,NR,I551-I553,UKI5	: 	: 	: 	: 	: 	: 	: 	: 	: 	21292717 	: 	: 
FOR,NR,I551-I553,UKI6	: 	: 	: 	: 	: 	: 	: 	: 	: 	17952027 	: 	: 
FOR,NR,I551-I553,UKI7	: 	: 	: 	: 	: 	: 	: 	: 	: 	16284511 	: 	: 
FOR,NR,I551-I553,UKJ1	3039983 	3077327 	3034224 	2984524 	4108274 	4520586 	: 	: 	: 	11456450 	: 	: 
FOR,NR,I551-I553,UKJ2	2900031 	2840131 	2702568 	2953333 	3594712 	3118023 	: 	: 	: 	13226330 	: 	: 
FOR,NR,I551-I553,UKJ3	1012005 	1064955 	1228632 	1169048 	1527491 	1994451 	: 	: 	: 	5812610 	: 	: 
FOR,NR,I551-I553,UKJ4	1277327 	1781464 	1370114 	1544622 	1926885 	1918577 	: 	: 	: 	5800160 	: 	: 
FOR,NR,I551-I553,UKK1	1801605 	1663561 	1931145 	1701554 	1568500 	1770493 	: 	: 	: 	7776750 	: 	: 
FOR,NR,I551-I553,UKK2	1976740 	1914544 	1772030 	1999508 	1612892 	1838160 	: 	: 	: 	6802100 	: 	: 
FOR,NR,I551-I553,UKK3	1014970 	832744 	1322567 	990347 	1042944 	1430809 	: 	: 	: 	2400790 	: 	: 
FOR,NR,I551-I553,UKK4	937098 	1298482 	1144160 	1153482 	892669 	1578935 	: 	: 	: 	3158480 	: 	: 
FOR,NR,I551-I553,UKL1	1259396 	1373163 	1054340 	1190926 	1003038 	1273407 	: 	: 	: 	3961040 	: 	: 
FOR,NR,I551-I553,UKL2	959829 	1253699 	932075 	1149803 	774831 	1849338 	: 	: 	: 	3126230 	: 	: 
FOR,NR,I551-I553,UKM2	5336976 	4450479 	4700970 	5266420 	4679868 	6238706 b	: 	: 	: 	11251270 	: 	: 
FOR,NR,I551-I553,UKM3	2706371 	2032062 	1596849 	1881774 	1514922 	1746996 b	: 	: 	: 	4629740 	: 	: 
FOR,NR,I551-I553,UKM5	450924 	502890 	667281 	450087 	800730 	1015858 	: 	: 	: 	1674900 	: 	: 
FOR,NR,I551-I553,UKM6	2325414 	1776482 	1811027 	2185902 	1719453 	1879882 	: 	: 	: 	3613410 	: 	: 
FOR,NR,I551-I553,UKN0	384705 	55598 	458544 	426021 	330366 	751625 	: 	: 	: 	8864500 	: 	: 
NAT,NR,I551-I553,AT11	1873637 	1958079 	2015526 	2073740 	2079910 	2095789 	2054074 	2115900 	2118981 	2266484 	2258990 	2204815 
NAT,NR,I551-I553,AT12	3778322 	3920959 	4072806 	4185274 	4249819 	4284345 	4181192 	4292359 	4263872 	4296231 	4370345 	4447923 
NAT,NR,I551-I553,AT13	2001513 	2001114 	1968814 	2243764 	2094173 	2235775 	2318704 	2470892 	2603342 	2805905 	2802692 	2956265 
NAT,NR,I551-I553,AT21	4068276 	4061380 	4153533 	4104182 	4255554 	4277493 	4199071 	4133621 	4297201 	4572466 	4646266 	4795072 
NAT,NR,I551-I553,AT22	5420013 	5605061 	5779473 	5919240 	6016179 	6097033 	6152561 	6132051 	6263753 	6547416 	6690955 	6802411 
NAT,NR,I551-I553,AT31	3563688 	3732069 	3799499 	3793876 	3861100 	3952281 	3870268 	3855522 	3921221 	4036022 	4102109 	4301669 
NAT,NR,I551-I553,AT32	4737133 	4886629 	4941937 	5062489 	5138655 	5250963 	5296685 	5225435 	5358130 	5625331 	5779749 	5894364 
NAT,NR,I551-I553,AT33	2953029 	3050925 	3102133 	3195815 	3234753 	3381506 	3371006 	3310976 	3401122 	3539267 	3566681 	3647191 
NAT,NR,I551-I553,AT34	750104 	762511 	775132 	777979 	762194 	807104 	810266 	804924 	833323 	869759 	864435 	885676 
NAT,NR,I551-I553,BE10	722629 	764196 	867330 	1059095 	1193396 	1164351 	1217678 	: 	1233249 	1072990 	1288943 	1489565 
NAT,NR,I551-I553,BE21	1431942 	1521508 	1553207 	1617349 	1736684 	1784371 	1779220 	: 	2035552 	2097532 	2127989 	2350783 
NAT,NR,I551-I553,BE22	1967575 	2003482 	2086191 	2017359 	2084075 	2075155 	2057777 	: 	2284030 	2363050 	2321309 	2396123 
NAT,NR,I551-I553,BE23	628675 	682932 	681000 	740348 	792464 	814458 	880644 	: 	1015389 	1007562 	1091658 	1152562 
NAT,NR,I551-I553,BE24	591837 	649593 	619728 	660742 	728725 	787967 	831084 	: 	914963 	879375 	959474 	1071623 
NAT,NR,I551-I553,BE25	4530846 	4401639 	4405254 	4442330 	4579074 	4521108 	4527337 	: 	7887632 	7901359 	7720404 	7721637 
NAT,NR,I551-I553,BE31	119789 	127868 	152108 	195395 	184883 	171969 	176762 	: 	209783 	219669 	243051 	247263 
NAT,NR,I551-I553,BE32	298118 	325206 	333693 	348770 	357614 	379548 	390829 	: 	513613 	597551 	641361 	664227 
NAT,NR,I551-I553,BE33	1039687 	1054795 	1057802 	1076119 	1073333 	1167308 	1121923 	: 	1145929 	1288691 	1326924 	1281937 
NAT,NR,I551-I553,BE34	1434151 	1316457 	1277448 	1242048 	1197676 	1221338 	1226256 	: 	1446195 	1521731 	1419259 	1548089 
NAT,NR,I551-I553,BE35	812796 	763461 	765603 	728795 	728053 	747222 	726949 	: 	841993 	842510 	880093 	831792 
NAT,NR,I551-I553,BG31	346370 	380272 	349533 	312859 	379627 	421481 	474569 	445921 	445179 	486479 	486562 	485184 
NAT,NR,I551-I553,BG32	473754 	488046 	434230 	372737 	452320 	533130 	509168 	522624 	549142 	612647 	598685 	651143 
NAT,NR,I551-I553,BG33	1204136 	1285711 	1162070 	1155652 	1345570 	1365725 	1413683 	1368067 	1444398 	1561105 	1578982 	1606356 
NAT,NR,I551-I553,BG34	1480721 	1541782 	1553524 	1547249 	1686665 	1668682 	1838976 	1980913 	2137025 	2432839 	2336196 	2316864 
NAT,NR,I551-I553,BG41	1247920 	1383183 	1165558 	1061214 	1134087 	1388540 	1469016 	1635312 	1730730 	2001835 	1994121 	1999265 
NAT,NR,I551-I553,BG42	1216971 	1312475 	1151163 	1142293 	1231069 	1423040 	1541636 	1667756 	1739061 	1940425 	1953983 	2037276 
NAT,NR,I551-I553,CH01	: 	: 	: 	: 	: 	: 	: 	: 	: 	6853499 	: 	: 
NAT,NR,I551-I553,CH02	: 	: 	: 	: 	: 	: 	: 	: 	: 	4855251 	: 	: 
NAT,NR,I551-I553,CH03	: 	: 	: 	: 	: 	: 	: 	: 	: 	1039747 	: 	: 
NAT,NR,I551-I553,CH04	: 	: 	: 	: 	: 	: 	: 	: 	: 	1645157 	: 	: 
NAT,NR,I551-I553,CH05	: 	: 	: 	: 	: 	: 	: 	: 	: 	6842698 	: 	: 
NAT,NR,I551-I553,CH06	: 	: 	: 	: 	: 	: 	: 	: 	: 	2558763 	: 	: 
NAT,NR,I551-I553,CH07	: 	: 	: 	: 	: 	: 	: 	: 	: 	2619173 	: 	: 
NAT,NR,I551-I553,CY00	1180663 	1171421 	1337008 	1352630 	1172135 	1088446 	895939 	830943 	824517 	844182 	834104 	916840 
NAT,NR,I551-I553,CZ01	993337 	1103939 	1063695 	1173255 	1270768 	1506098 	1597351 	1368554 	1576176 	1778681 	1923556 	2116084 
NAT,NR,I551-I553,CZ02	1505691 	1360560 	1346415 	1335923 	1397164 	1627638 	1567389 	1523849 	1721919 	1808050 	1897353 	2040482 
NAT,NR,I551-I553,CZ03	3466326 	3293019 	3292111 	3123238 	3021595 	3532635 	3507490 	3494180 	4048416 	4307523 	4385442 	4668581 
NAT,NR,I551-I553,CZ04	2033275 	1894581 	1859253 	1780310 	1807907 	2091066 	1850545 	1921097 	2359492 	2604973 	2676544 	2932564 
NAT,NR,I551-I553,CZ05	5001920 	4882759 	4833118 	4878606 	4809549 	5435950 	5278895 	4945008 	5783795 	6055702 	6541230 	6806524 
NAT,NR,I551-I553,CZ06	2497590 	2374998 	2295427 	2141857 	2297973 	2802224 	2931315 	3054373 	3246626 	3469781 	3864123 	4140996 
NAT,NR,I551-I553,CZ07	3031876 	2791111 	2654673 	2639855 	2674656 	2848380 	2899408 	2965961 	3300816 	3492932 	3592606 	3813427 
NAT,NR,I551-I553,CZ08	1690871 	1595485 	1570607 	1469820 	1530637 	1640481 	1530990 	1563795 	1770151 	1911166 	2081528 	2235243 
NAT,NR,I551-I553,DE11	7209607 	7623736 	6662809 	6954052 	7564769 	8065061 	8066770 	8495268 	8618088 	8917392 	9157859 	9475942 
NAT,NR,I551-I553,DE12	6778259 	6806745 	6302216 	6462701 	6762347 	6941992 	6860335 	7075611 	7398637 	7617420 	7823225 	8040471 
NAT,NR,I551-I553,DE13	9265162 	9447978 	9372929 	9250459 	9580714 	9826213 	9648858 	9819825 	10124183 	10453458 	10637508 	11064151 
NAT,NR,I551-I553,DE14	4951814 	5145843 	4959355 	5099965 	5352898 	5584713 	5482981 	5577446 	5707260 	6036741 	6107820 	6533612 
NAT,NR,I551-I553,DE21	20803210 	21133430 	19993657 	20726960 	21775418 	22577992 	22564245 	22872346 	23532373 	24461469 	25482580 	27115091 
NAT,NR,I551-I553,DE22	9396969 	9396845 	8931579 	8933029 	9187141 	9268180 	9050499 	8915564 	8956572 	9094397 	9198255 	9319517 
NAT,NR,I551-I553,DE23	3949162 	3833280 	3520665 	3571423 	3748671 	3776772 	3779539 	3829589 	3867507 	4132172 	4215771 	4226565 
NAT,NR,I551-I553,DE24	3419945 	3440058 	3166423 	3247983 	3394105 	3541317 	3379795 	3323639 	3439683 	3700991 	3726793 	3802831 
NAT,NR,I551-I553,DE25	4517937 	4672350 	4152223 	4461697 	4658246 	4826175 	4778857 	4906752 	5118812 	5415616 	5539760 	5891338 
NAT,NR,I551-I553,DE26	4096293 	4131322 	3660713 	3772351 	4019237 	4149668 	4170072 	4261761 	4502856 	4555898 	4673540 	4810365 
NAT,NR,I551-I553,DE27	9849512 	10105283 	9631287 	9611805 	10104070 	10428949 	10410024 	10385179 	10766964 	11415662 	11848810 	12367645 
NAT,NR,I551-I553,DE30	10671866 	10725228 	11357946 	12188523 	12998577 	14184463 	15256988 	16063346 	16460049 	16723291 	16977746 	17594221 
NAT,NR,I551-I553,DE40	7825909 	7921584 	7828548 	8161054 	8530132 	8861006 	8896825 	9189401 	9672518 	10005117 	10222421 	10558659 
NAT,NR,I551-I553,DE50	1160918 	1273212 	1248063 	1418875 	1523316 	1514896 	1586669 	1712552 	1771444 	1815004 	1864884 	1979394 
NAT,NR,I551-I553,DE60	5866099 	6115524 	6535007 	7094326 	7488197 	8243203 	8940981 	9072194 	9531016 	10051005 	10341975 	10885592 
NAT,NR,I551-I553,DE71	9499425 	9885638 	9420700 	10094635 	10411867 	10610961 	11012530 	11483359 	11932107 	12101700 	12889706 	13202813 
NAT,NR,I551-I553,DE72	1768284 	1841578 	1705038 	1728068 	1772686 	1797265 	1809108 	1851661 	1901731 	1868858 	1955782 	1986090 
NAT,NR,I551-I553,DE73	5538422 	5484400 	5466525 	5456157 	5657511 	5746525 	5667470 	5715375 	5779058 	5899777 	6130455 	6023889 
NAT,NR,I551-I553,DE80	22555587 	23522591 	24533489 	23819784 	23876288 	23896871 	24005013 	24474373 	25260934 	26105863 	25537298 	26569371 
NAT,NR,I551-I553,DE91	4567625 	4526670 	4584774 	4629591 	4758638 	4854169 	4787346 	4864372 	4989253 	5027467 	5037614 	5276507 
NAT,NR,I551-I553,DE92	3688834 	4118154 	4025611 	4232778 	4476498 	4597142 	4547455 	4548792 	4736332 	4893756 	5019858 	5145821 
NAT,NR,I551-I553,DE93	7569048 	785114